Order Region,Category Name,late_risk_rate,avg_scheduled_days,avg_sales,order_volume,cluster
Canada,Accessories,0.5,2.4285714285714284,82.10999964785715,14,3
Canada,Camping & Hiking,0.5308641975308642,2.8641975308641974,299.980011,81,2
Canada,Cardio Equipment,0.47368421052631576,3.0921052631578947,323.52039468000004,76,1
Canada,Cleats,0.46206896551724136,3.1241379310344826,177.0739361515862,145,1
Canada,Electronics,0.6363636363636364,2.9545454545454546,111.42591016318183,22,3
Canada,Fishing,0.4927536231884058,2.869565217391304,399.980011,69,2
Canada,Girls' Apparel,0.4,2.8,132.990000528,10,1
Canada,Golf Balls,0.16666666666666666,3.3333333333333335,47.804165680000004,12,1
Canada,Indoor/Outdoor Games,0.4954128440366973,2.8073394495412844,153.14972367651376,109,2
Canada,Men's Footwear,0.4628099173553719,2.9008264462809916,129.9900055,121,1
Canada,Shop By Sport,0.43548387096774194,2.693548387096774,120.13258206322581,62,1
Canada,Water Sports,0.5543478260869565,2.858695652173913,199.9900055,92,2
Canada,Women's Apparel,0.48214285714285715,3.169642857142857,156.25,112,1
Caribbean,Accessories,0.6266666666666667,2.72,73.30399936879999,75,3
Caribbean,Baseball & Softball,0.5454545454545454,2.9696969696969697,159.06061010181818,33,1
Caribbean,Boxing & MMA,0.42105263157894735,2.789473684210526,257.55421528210525,19,1
Caribbean,Camping & Hiking,0.5446293494704992,2.94553706505295,299.980011,661,2
Caribbean,Cardio Equipment,0.5606299212598426,2.941732283464567,291.5773695304882,635,2
Caribbean,Cleats,0.5170975813177648,2.987489574645538,182.2715397192327,1199,2
Caribbean,Electronics,0.48322147651006714,2.9865771812080535,115.51443100825503,149,1
Caribbean,Fishing,0.5066505441354293,3.010882708585248,399.98001099999993,827,2
Caribbean,Fitness Accessories,0.6470588235294118,2.8823529411764706,94.67882581529412,17,3
Caribbean,Girls' Apparel,0.5161290322580645,2.967741935483871,126.44500092419355,62,1
Caribbean,Golf Apparel,0.48,2.88,70.3751997412,25,1
Caribbean,Golf Balls,0.5571428571428572,3.1142857142857143,52.31342773314285,70,1
Caribbean,Golf Gloves,0.5172413793103449,2.9482758620689653,101.95189665901725,58,1
Caribbean,Golf Shoes,0.4782608695652174,2.9130434782608696,179.3913043478261,23,1
Caribbean,Hockey,0.41379310344827586,3.5517241379310347,66.51724137931035,29,1
Caribbean,Hunting & Shooting,0.45454545454545453,2.9545454545454546,137.69999989454547,22,1
Caribbean,Indoor/Outdoor Games,0.5339602925809822,2.9571577847439916,149.156613015674,957,2
Caribbean,Kids' Golf Clubs,0.5,2.625,201.653749944375,16,3
Caribbean,Lacrosse,0.6666666666666666,3.3333333333333335,66.63999938,12,1
Caribbean,Men's Footwear,0.5179924242424242,2.9640151515151514,129.9900055,1056,2
Caribbean,Men's Golf Clubs,0.6153846153846154,3.3076923076923075,151.52538594615385,13,1
Caribbean,Shop By Sport,0.549165120593692,2.9369202226345084,119.54432484953617,539,2
Caribbean,Soccer,0.3,3.8,154.983996612,10,1
Caribbean,Tennis & Racquet,0.625,2.625,151.84125182875002,16,3
Caribbean,Trade-In,0.625,2.9583333333333335,85.67749992333334,48,3
Caribbean,Water Sports,0.5443548387096774,2.9018817204301075,199.9900055,744,2
Caribbean,Women's Apparel,0.5324543610547667,2.949290060851927,146.75456389452333,986,2
Caribbean,Women's Golf Clubs,0.3333333333333333,3.3333333333333335,222.48166910166665,12,1
Central Africa,Accessories,0.42857142857142855,2.8095238095238093,80.91999933857143,21,1
Central Africa,Camping & Hiking,0.5590551181102362,3.0866141732283463,299.980011,127,2
Central Africa,Cardio Equipment,0.5739130434782609,2.9478260869565216,300.83973932556523,115,2
Central Africa,Cleats,0.5684647302904564,2.858921161825726,171.25776425858922,241,2
Central Africa,Electronics,0.7272727272727273,3.1818181818181817,117.90818253757577,33,3
Central Africa,Fishing,0.5714285714285714,2.9464285714285716,399.980011,168,2
Central Africa,Girls' Apparel,0.5555555555555556,3.2777777777777777,136.65777756666665,18,1
Central Africa,Golf Balls,0.5625,2.9375,48.723124741250004,16,1
Central Africa,Hockey,0.4,3.6,69.6,10,1
Central Africa,Indoor/Outdoor Games,0.5729166666666666,2.8854166666666665,143.43218620375,192,2
Central Africa,Men's Footwear,0.569377990430622,2.889952153110048,129.9900055,209,2
Central Africa,Shop By Sport,0.6551724137931034,2.793103448275862,123.59094986396552,116,3
Central Africa,Water Sports,0.6190476190476191,2.8503401360544216,199.9900055,147,2
Central Africa,Women's Apparel,0.5747663551401869,2.892523364485981,152.57009345794393,214,2
Central America,Accessories,0.5928571428571429,2.892857142857143,73.2742494077143,280,2
Central America,As Seen on  TV!,0.6,3.066666666666667,353.29800110133334,15,1
Central America,Baseball & Softball,0.5963302752293578,2.7155963302752295,144.23945386311928,109,3
Central America,Boxing & MMA,0.5671641791044776,2.8805970149253732,208.660600120597,67,3
Central America,Camping & Hiking,0.5544554455445545,2.978476108480413,299.980011,2323,2
Central America,Cardio Equipment,0.553921568627451,2.9715686274509805,297.95079389256864,2040,2
Central America,Cleats,0.5472118959107807,2.9479553903345725,180.84718220486246,4035,2
Central America,Electronics,0.562753036437247,2.9129554655870447,117.8024707983401,494,2
Central America,Fishing,0.553508150248051,2.9560595322466336,399.98001099999993,2822,2
Central America,Fitness Accessories,0.5,3.0714285714285716,100.80452581523811,42,1
Central America,Girls' Apparel,0.6363636363636364,2.7593582887700534,129.53748694363637,187,3
Central America,Golf Apparel,0.5466666666666666,2.8666666666666667,81.04640025586667,75,3
Central America,Golf Bags & Carts,0.7857142857142857,2.5,169.9900055,14,3
Central America,Golf Balls,0.5787234042553191,2.974468085106383,52.527616466936166,235,2
Central America,Golf Gloves,0.51875,2.88125,115.56612586379374,160,2
Central America,Golf Shoes,0.5185185185185185,2.9722222222222223,191.37037037037038,108,1
Central America,Hockey,0.48863636363636365,2.6818181818181817,67.7159090909091,88,3
Central America,Hunting & Shooting,0.5789473684210527,2.8421052631578947,137.26513174421052,76,3
Central America,Indoor/Outdoor Games,0.5551096017289286,2.9311515899969125,150.51093409933313,3239,2
Central America,Kids' Golf Clubs,0.5079365079365079,3.0952380952380953,236.24301643349207,63,1
Central America,Lacrosse,0.5783132530120482,3.0,128.88614391373494,83,1
Central America,Men's Footwear,0.5370165745856353,2.959668508287293,129.9900055,3620,2
Central America,Men's Golf Clubs,0.49230769230769234,3.0923076923076924,164.1392327036923,65,1
Central America,Shop By Sport,0.5386695511087074,2.9745808545159544,120.96029396646836,1849,2
Central America,Soccer,0.4444444444444444,3.0833333333333335,199.69944425111112,36,1
Central America,Tennis & Racquet,0.6222222222222222,3.1777777777777776,133.97022423777778,45,1
Central America,Trade-In,0.5034013605442177,3.1156462585034013,77.67285716421769,147,1
Central America,Water Sports,0.5340334500194477,2.941656942823804,199.9900055,2571,2
Central America,Women's Apparel,0.5425969447708578,2.924500587544066,151.90951821386605,3404,2
Central America,Women's Golf Clubs,0.65,2.925,211.7315006245,40,3
Central Asia,Accessories,0.6,2.6,84.965999596,10,3
Central Asia,Camping & Hiking,0.4358974358974359,2.6923076923076925,299.980011,39,1
Central Asia,Cardio Equipment,0.6842105263157895,2.6578947368421053,261.0268410105263,38,3
Central Asia,Cleats,0.5432098765432098,2.9753086419753085,186.63556077506172,81,1
Central Asia,Electronics,0.5833333333333334,2.8333333333333335,118.63833538416667,12,3
Central Asia,Fishing,0.484375,3.03125,399.980011,64,1
Central Asia,Indoor/Outdoor Games,0.5692307692307692,2.4615384615384617,154.5535367476923,65,3
Central Asia,Men's Footwear,0.5348837209302325,2.7906976744186047,129.9900055,86,3
Central Asia,Shop By Sport,0.5517241379310345,2.4482758620689653,124.10896812896553,29,3
Central Asia,Water Sports,0.6097560975609756,2.951219512195122,199.9900055,41,3
Central Asia,Women's Apparel,0.5230769230769231,2.8615384615384616,153.84615384615384,65,1
East Africa,Accessories,0.55,3.15,82.466998843,20,1
East Africa,Camping & Hiking,0.5524475524475524,3.034965034965035,299.980011,143,2
East Africa,Cardio Equipment,0.5743243243243243,2.97972972972973,337.87195994621624,148,2
East Africa,Cleats,0.5734767025089605,3.060931899641577,179.10993323311828,279,2
East Africa,Electronics,0.5128205128205128,3.2051282051282053,115.25436068051283,39,1
East Africa,Fishing,0.5404040404040404,3.090909090909091,399.980011,198,2
East Africa,Golf Balls,0.6470588235294118,3.0588235294117645,58.086469985294116,17,3
East Africa,Indoor/Outdoor Games,0.5639810426540285,2.7677725118483414,153.25620691004738,211,2
East Africa,Men's Footwear,0.5910931174089069,2.88663967611336,129.9900055,247,2
East Africa,Shop By Sport,0.5130434782608696,2.8521739130434782,113.62408893686957,115,2
East Africa,Water Sports,0.5511363636363636,2.9261363636363638,199.9900055,176,2
East Africa,Women's Apparel,0.5358851674641149,2.861244019138756,141.86602870813397,209,2
East of USA,Accessories,0.5769230769230769,2.9358974358974357,75.93115333705128,78,3
East of USA,Baseball & Softball,0.6206896551724138,2.8275862068965516,164.10483102413792,29,3
East of USA,Boxing & MMA,0.5789473684210527,2.5789473684210527,164.9100036663158,19,3
East of USA,Camping & Hiking,0.5422535211267606,2.9577464788732395,299.980011,568,2
East of USA,Cardio Equipment,0.494949494949495,3.0242424242424244,300.0510297660606,495,2
East of USA,Cleats,0.5544768069039914,2.9158576051779934,183.39985406515643,927,2
East of USA,Electronics,0.5428571428571428,2.8642857142857143,122.16900095564286,140,2
East of USA,Fishing,0.5594900849858357,2.9475920679886687,399.980011,706,2
East of USA,Fitness Accessories,0.6,2.7,104.970001586,10,3
East of USA,Girls' Apparel,0.5666666666666667,3.0166666666666666,104.746667162,60,1
East of USA,Golf Apparel,0.45454545454545453,3.590909090909091,59.96999913863636,22,1
East of USA,Golf Balls,0.6607142857142857,3.0714285714285716,50.09624978339286,56,3
East of USA,Golf Gloves,0.5666666666666667,2.8333333333333335,80.63300017006667,30,3
East of USA,Golf Shoes,0.6470588235294118,3.235294117647059,256.1764705882353,17,1
East of USA,Hockey,0.6153846153846154,2.923076923076923,68.07692307692308,26,3
East of USA,Hunting & Shooting,0.5714285714285714,2.9047619047619047,85.68571362857143,21,3
East of USA,Indoor/Outdoor Games,0.5616797900262467,2.858267716535433,146.72606162572177,762,2
East of USA,Lacrosse,0.9230769230769231,2.0,73.04769133230769,13,3
East of USA,Men's Footwear,0.5703125,2.9497767857142856,129.9900055,896,2
East of USA,Shop By Sport,0.5932203389830508,2.8241525423728815,119.35659075648306,472,2
East of USA,Tennis & Racquet,0.4,3.0,110.97533440933333,15,1
East of USA,Trade-In,0.5526315789473685,3.0,54.182367719736845,38,1
East of USA,Water Sports,0.5606758832565284,2.8433179723502304,199.9900055,651,2
East of USA,Women's Apparel,0.5451388888888888,2.9131944444444446,147.6851851851852,864,2
Eastern Asia,Accessories,0.5714285714285714,2.5714285714285716,75.36666599507937,63,3
Eastern Asia,Baby ,0.5675675675675675,2.72972972972973,59.08000183000001,37,3
Eastern Asia,Baseball & Softball,0.5652173913043478,2.782608695652174,127.58000365217391,23,3
Eastern Asia,Books ,0.45,2.6,31.07999992,20,3
Eastern Asia,Boxing & MMA,0.6470588235294118,2.823529411764706,148.74235624,17,3
Eastern Asia,CDs ,0.4857142857142857,3.2,11.28999996,35,1
Eastern Asia,Camping & Hiking,0.5530474040632054,2.9232505643340856,299.98001099999993,443,2
Eastern Asia,Cardio Equipment,0.5576036866359447,2.912442396313364,293.4732024170968,434,2
Eastern Asia,Children's Clothing,0.5454545454545454,2.590909090909091,357.1000061,22,3
Eastern Asia,Cleats,0.5584255842558425,2.878228782287823,178.42044785451415,813,2
Eastern Asia,Computers,0.46875,3.3125,1500.0,32,0
Eastern Asia,Consumer Electronics,0.6842105263157895,2.5789473684210527,252.8800049,19,3
Eastern Asia,Crafts,0.6031746031746031,2.761904761904762,461.480011,63,3
Eastern Asia,DVDs,0.5344827586206896,3.189655172413793,164.38000489999996,58,1
Eastern Asia,Electronics,0.6198347107438017,3.15702479338843,120.67892649049587,121,2
Eastern Asia,Fishing,0.5328,3.0688,399.980011,625,2
Eastern Asia,Fitness Accessories,0.5625,3.25,87.4750025175,16,1
Eastern Asia,Garden,0.5620915032679739,2.9607843137254903,532.5800171,153,2
Eastern Asia,Girls' Apparel,0.5961538461538461,3.0384615384615383,129.70634636230767,52,1
Eastern Asia,Golf Apparel,0.3333333333333333,3.6666666666666665,49.975000380000004,12,1
Eastern Asia,Golf Balls,0.6081081081081081,2.972972972972973,52.969999415000004,74,3
Eastern Asia,Golf Gloves,0.6326530612244898,2.8979591836734695,70.8875509657755,49,3
Eastern Asia,Golf Shoes,0.5454545454545454,2.6363636363636362,200.9090909090909,11,3
Eastern Asia,Health and Beauty,0.5662650602409639,2.783132530120482,293.0400085,83,3
Eastern Asia,Hockey,0.5625,2.8125,67.1875,16,3
Eastern Asia,Hunting & Shooting,0.6923076923076923,2.5384615384615383,115.34615249923078,13,3
Eastern Asia,Indoor/Outdoor Games,0.4942528735632184,3.0028735632183907,152.66879156008622,696,2
Eastern Asia,Lacrosse,0.46153846153846156,2.6923076923076925,78.81461450307691,13,1
Eastern Asia,Men's Clothing,0.47058823529411764,2.7058823529411766,210.85000610000003,51,1
Eastern Asia,Men's Footwear,0.5417185554171855,2.991282689912827,129.9900055,803,2
Eastern Asia,Music,0.5196078431372549,2.872549019607843,260.6499939,102,2
Eastern Asia,Pet Supplies,0.5461538461538461,2.953846153846154,84.40000153,130,2
Eastern Asia,Shop By Sport,0.5126903553299492,3.0406091370558377,115.0228191273604,394,2
Eastern Asia,Sporting Goods,0.5925925925925926,2.6666666666666665,327.75,81,3
Eastern Asia,Tennis & Racquet,0.6153846153846154,2.4615384615384617,114.20538681076923,13,3
Eastern Asia,Toys,0.591304347826087,2.878260869565217,11.53999996,115,3
Eastern Asia,Trade-In,0.4186046511627907,2.9302325581395348,53.4579061883721,43,1
Eastern Asia,Video Games,0.5365853658536586,3.1365853658536587,39.75,205,1
Eastern Asia,Water Sports,0.5543071161048689,2.99250936329588,199.9900055,534,2
Eastern Asia,Women's Apparel,0.5335276967930029,2.9620991253644315,147.8862973760933,686,2
Eastern Asia,Women's Clothing,0.5818181818181818,2.918181818181818,215.8200073,110,2
Eastern Europe,Accessories,0.5882352941176471,3.1372549019607843,80.3599992135294,51,1
Eastern Europe,Baseball & Softball,0.5625,2.875,138.0962538625,16,3
Eastern Europe,Boxing & MMA,0.2727272727272727,3.0,204.88818636545454,11,1
Eastern Europe,Camping & Hiking,0.5440251572327044,2.89937106918239,299.980011,318,2
Eastern Europe,Cardio Equipment,0.5664335664335665,2.944055944055944,296.5790560505594,286,2
Eastern Europe,Cleats,0.5512367491166078,2.9169611307420493,184.3155707650177,566,2
Eastern Europe,Electronics,0.42857142857142855,2.86734693877551,119.86724615183674,98,1
Eastern Europe,Fishing,0.5963060686015831,3.0026385224274406,399.980011,379,2
Eastern Europe,Girls' Apparel,0.5625,2.78125,130.304375525,32,3
Eastern Europe,Golf Balls,0.6170212765957447,2.723404255319149,50.120424837446805,47,3
Eastern Europe,Golf Gloves,0.7391304347826086,3.0,64.75695733913044,23,3
Eastern Europe,Hockey,0.46153846153846156,2.8461538461538463,65.38461538461539,13,1
Eastern Europe,Indoor/Outdoor Games,0.5337552742616034,2.8755274261603376,154.6849350564979,474,2
Eastern Europe,Lacrosse,0.7,3.1,59.97599983,10,3
Eastern Europe,Men's Footwear,0.5714285714285714,2.9761904761904763,129.9900055,504,2
Eastern Europe,Shop By Sport,0.5564853556485355,2.9665271966527196,118.50640323246861,239,2
Eastern Europe,Trade-In,0.5555555555555556,3.111111111111111,60.74499924277778,18,1
Eastern Europe,Water Sports,0.5683229813664596,2.798136645962733,199.9900055,322,2
Eastern Europe,Women's Apparel,0.5475206611570248,2.90702479338843,150.0,484,2
North Africa,Accessories,0.8780487804878049,2.5365853658536586,85.33170656853659,41,3
North Africa,Baseball & Softball,0.6666666666666666,3.066666666666667,172.63400547733332,15,3
North Africa,Camping & Hiking,0.48497854077253216,3.07725321888412,299.980011,233,2
North Africa,Cardio Equipment,0.5296610169491526,3.0211864406779663,289.9712286124576,236,2
North Africa,Cleats,0.5560165975103735,2.8464730290456433,182.70813791497926,482,2
North Africa,Electronics,0.5443037974683544,2.9746835443037973,125.27215307278482,79,1
North Africa,Fishing,0.4952978056426332,2.8557993730407523,399.980011,319,2
North Africa,Girls' Apparel,0.47058823529411764,3.411764705882353,121.75764779176473,17,1
North Africa,Golf Apparel,0.5,3.3,61.968999098,10,1
North Africa,Golf Balls,0.4444444444444444,3.0,54.91361040361111,36,1
North Africa,Golf Gloves,0.7333333333333333,2.8666666666666667,65.6379998434,15,3
North Africa,Hockey,0.45454545454545453,2.272727272727273,71.45454545454545,11,3
North Africa,Indoor/Outdoor Games,0.5866666666666667,2.8826666666666667,150.73967862842667,375,2
North Africa,Lacrosse,0.6,2.7,72.470999711,10,3
North Africa,Men's Footwear,0.5874125874125874,2.9393939393939394,129.9900055,429,2
North Africa,Shop By Sport,0.5401069518716578,3.0267379679144386,118.63428012363637,187,2
North Africa,Tennis & Racquet,0.6,2.9,134.97000158600002,10,3
North Africa,Trade-In,0.47368421052631576,3.0,51.3378937331579,19,1
North Africa,Water Sports,0.5244299674267101,2.960912052117264,199.9900055,307,2
North Africa,Women's Apparel,0.5283018867924528,2.9029649595687332,147.43935309973045,371,2
Northern Europe,Accessories,0.5,3.0689655172413794,74.53913707000001,58,1
Northern Europe,As Seen on  TV!,0.5454545454545454,3.090909090909091,354.5100014472727,11,1
Northern Europe,Baby ,0.5789473684210527,2.6842105263157894,59.08000182999999,19,3
Northern Europe,Baseball & Softball,0.625,2.875,167.26292132833333,24,3
Northern Europe,Basketball,0.7,2.7,369.9899902,10,3
Northern Europe,Books ,0.5961538461538461,2.4423076923076925,31.07999992,52,3
Northern Europe,Boxing & MMA,0.5517241379310345,3.2413793103448274,263.05172571931035,29,1
Northern Europe,CDs ,0.4838709677419355,2.6129032258064515,11.28999996,31,3
Northern Europe,Cameras ,0.5255474452554745,2.832116788321168,452.0400085,137,2
Northern Europe,Camping & Hiking,0.529113924050633,3.039240506329114,299.980011,790,2
Northern Europe,Cardio Equipment,0.5375722543352601,2.9710982658959537,295.90981169037576,692,2
Northern Europe,Children's Clothing,0.64,2.78,357.1000061,100,3
Northern Europe,Cleats,0.5362095531587057,2.941448382126348,184.083495032943,1298,2
Northern Europe,Computers,0.4594594594594595,3.0135135135135136,1500.0,74,0
Northern Europe,Consumer Electronics,0.42857142857142855,2.732142857142857,252.8800049,56,1
Northern Europe,Crafts,0.5573770491803278,2.9344262295081966,461.480011,61,2
Northern Europe,DVDs,0.5084745762711864,3.0847457627118646,164.3800049,59,1
Northern Europe,Electronics,0.5689655172413793,2.8620689655172415,112.59155298982759,116,2
Northern Europe,Fishing,0.5397170837867247,2.941240478781284,399.98001100000005,919,2
Northern Europe,Fitness Accessories,0.375,3.25,204.34687541,16,1
Northern Europe,Girls' Apparel,0.509090909090909,3.1454545454545455,115.08400074036365,55,1
Northern Europe,Golf Apparel,0.5,3.2333333333333334,114.31833465899999,30,1
Northern Europe,Golf Balls,0.4857142857142857,3.2,45.773999621142856,35,1
Northern Europe,Golf Gloves,0.5757575757575758,2.696969696969697,170.50893973427273,66,3
Northern Europe,Golf Shoes,0.45714285714285713,3.3142857142857145,232.0,35,1
Northern Europe,Hockey,0.5,3.227272727272727,108.99818003636364,22,1
Northern Europe,Hunting & Shooting,0.6333333333333333,3.1333333333333333,193.18366781900002,30,1
Northern Europe,Indoor/Outdoor Games,0.5565476190476191,2.9503968253968256,153.41083175740079,1008,2
Northern Europe,Kids' Golf Clubs,0.5384615384615384,3.0961538461538463,242.29038075019233,52,1
Northern Europe,Lacrosse,0.6521739130434783,2.782608695652174,156.4917376056522,23,3
Northern Europe,Men's Footwear,0.5462735462735463,2.9443079443079445,129.9900055,1221,2
Northern Europe,Men's Golf Clubs,0.6129032258064516,3.3225806451612905,152.88967872451613,31,1
Northern Europe,Shop By Sport,0.5597014925373134,2.949626865671642,120.7917370147388,536,2
Northern Europe,Soccer,0.5,3.357142857142857,157.12642616857144,14,1
Northern Europe,Strength Training,0.5,3.1666666666666665,619.0370788,24,1
Northern Europe,Tennis & Racquet,0.5294117647058824,2.9411764705882355,132.32353029294117,17,1
Northern Europe,Trade-In,0.5714285714285714,2.795918367346939,97.28081695183674,49,3
Northern Europe,Water Sports,0.5389369592088998,2.9208899876390606,201.287904007911,809,2
Northern Europe,Women's Apparel,0.5254091300602929,2.9810508182601207,149.6124031007752,1161,2
Northern Europe,Women's Golf Clubs,0.5555555555555556,2.8333333333333335,258.86444473666666,18,3
Oceania,Accessories,0.5673076923076923,2.6826923076923075,72.56711474538461,104,3
Oceania,Baby ,0.7058823529411765,2.1470588235294117,59.08000183,34,3
Oceania,Baseball & Softball,0.6052631578947368,3.1578947368421053,143.52158234157895,38,1
Oceania,Books ,0.5,3.0,31.07999992,28,1
Oceania,Boxing & MMA,0.5454545454545454,3.4545454545454546,184.89909502,11,1
Oceania,CDs ,0.5,2.8958333333333335,11.289999959999998,48,1
Oceania,Camping & Hiking,0.5507868383404864,2.964234620886981,299.980011,699,2
Oceania,Cardio Equipment,0.536144578313253,2.8900602409638556,294.1424547301807,664,2
Oceania,Children's Clothing,0.55,2.95,357.1000061,20,1
Oceania,Cleats,0.5614886731391586,2.9199029126213594,179.4846491462136,1236,2
Oceania,Computers,0.36363636363636365,3.4545454545454546,1500.0,11,0
Oceania,Consumer Electronics,0.47368421052631576,3.289473684210526,252.8800049,38,1
Oceania,Crafts,0.4444444444444444,3.2777777777777777,461.480011,54,1
Oceania,DVDs,0.5454545454545454,3.2045454545454546,164.3800049,88,1
Oceania,Electronics,0.505,2.935,109.64675067190001,200,2
Oceania,Fishing,0.5345982142857143,2.989955357142857,399.980011,896,2
Oceania,Fitness Accessories,0.47368421052631576,2.6315789473684212,71.82158118315789,19,3
Oceania,Garden,0.5798319327731093,2.899159663865546,532.5800171,119,2
Oceania,Girls' Apparel,0.603448275862069,2.9827586206896552,140.51137983068966,58,3
Oceania,Golf Apparel,0.375,2.8125,51.224374650625,16,1
Oceania,Golf Balls,0.5157894736842106,3.0526315789473686,50.59231509042105,95,1
Oceania,Golf Gloves,0.5490196078431373,2.7450980392156863,86.63588257105883,51,3
Oceania,Health and Beauty,0.4868421052631579,3.0657894736842106,293.0400085,76,1
Oceania,Hockey,0.5945945945945946,3.27027027027027,58.54054054054054,37,1
Oceania,Hunting & Shooting,0.5882352941176471,2.6470588235294117,111.13941033411766,17,3
Oceania,Indoor/Outdoor Games,0.5346038114343029,2.9558676028084254,147.7342615051354,997,2
Oceania,Lacrosse,0.8,3.2666666666666666,81.63399924333334,15,3
Oceania,Men's Clothing,0.5172413793103449,3.3275862068965516,210.8500061,58,1
Oceania,Men's Footwear,0.5183887915936952,2.9728546409807355,129.9900055,1142,2
Oceania,Music,0.608,2.784,260.6499939,125,3
Oceania,Pet Supplies,0.6482758620689655,2.5172413793103448,84.40000153,145,3
Oceania,Shop By Sport,0.5524861878453039,2.994475138121547,117.76132799941068,543,2
Oceania,Sporting Goods,0.5168539325842697,2.8876404494382024,327.75,89,2
Oceania,Tennis & Racquet,0.3,3.3,128.22150248100002,20,1
Oceania,Toys,0.5703703703703704,2.77037037037037,11.53999996,135,3
Oceania,Trade-In,0.5,2.8548387096774195,53.45419289370968,62,1
Oceania,Video Games,0.5638297872340425,2.8031914893617023,39.75,188,2
Oceania,Water Sports,0.5405759162303665,2.9581151832460733,199.9900055,764,2
Oceania,Women's Apparel,0.5240431795878312,2.941118743866536,150.1962708537782,1019,2
Oceania,Women's Clothing,0.5,2.8707865168539324,215.8200073,178,2
South America,Accessories,0.4866666666666667,3.026666666666667,74.96999935400001,150,1
South America,As Seen on  TV!,0.7,2.8,219.977997578,10,3
South America,Baseball & Softball,0.6229508196721312,2.9836065573770494,147.02344662491802,61,3
South America,Boxing & MMA,0.7073170731707317,2.4878048780487805,222.13707546975613,41,3
South America,Camping & Hiking,0.5567434210526315,2.8914473684210527,299.980011,1216,2
South America,Cardio Equipment,0.5202952029520295,2.9206642066420665,296.2621768982103,1084,2
South America,Cleats,0.5439882697947214,2.9657869012707723,178.09348489428154,2046,2
South America,Electronics,0.5968992248062015,2.8333333333333335,120.63659039577519,258,2
South America,Fishing,0.5519163763066202,2.970731707317073,399.980011,1435,2
South America,Fitness Accessories,0.6923076923076923,2.576923076923077,98.24115605153847,26,3
South America,Girls' Apparel,0.4742268041237113,2.8762886597938144,130.40464003752578,97,1
South America,Golf Apparel,0.47058823529411764,3.411764705882353,91.45264772470588,34,1
South America,Golf Bags & Carts,0.7,2.4,169.9900055,10,3
South America,Golf Balls,0.5234375,3.0078125,55.76523354492188,128,1
South America,Golf Gloves,0.5263157894736842,3.1140350877192984,109.09429910722807,114,1
South America,Golf Shoes,0.5357142857142857,3.0,219.19642857142858,56,1
South America,Hockey,0.54,2.74,67.96,50,3
South America,Hunting & Shooting,0.44680851063829785,2.8085106382978724,125.98170325148936,47,1
South America,Indoor/Outdoor Games,0.5574063057703748,3.0315288518738845,149.4345494502796,1681,2
South America,Kids' Golf Clubs,0.4722222222222222,3.2777777777777777,214.44055513666666,36,1
South America,Lacrosse,0.5517241379310345,2.9310344827586206,127.55793195724138,29,1
South America,Men's Footwear,0.5296610169491526,2.9322033898305087,129.9900055,1888,2
South America,Men's Golf Clubs,0.4,3.05,161.736003315,40,1
South America,Shop By Sport,0.547945205479452,2.8946259220231823,121.87813685186512,949,2
South America,Soccer,0.7272727272727273,2.909090909090909,277.2390955090909,11,3
South America,Tennis & Racquet,0.6206896551724138,2.6206896551724137,150.4837958062069,29,3
South America,Trade-In,0.6310679611650486,2.70873786407767,71.69883481135922,103,3
South America,Water Sports,0.5410662824207493,2.897694524495677,199.9900055,1388,2
South America,Women's Apparel,0.5333333333333333,3.002116402116402,150.05291005291005,1890,2
South America,Women's Golf Clubs,0.5454545454545454,3.0454545454545454,249.52272900363639,22,1
South Asia,Accessories,0.6097560975609756,2.768292682926829,78.62707236792683,82,3
South Asia,Baby ,0.4375,2.8125,59.08000183,16,1
South Asia,Baseball & Softball,0.43478260869565216,3.217391304347826,161.92174313043478,23,1
South Asia,Books ,0.6,2.0,31.07999992,15,3
South Asia,Boxing & MMA,0.46153846153846156,3.3846153846153846,156.45308039846154,13,1
South Asia,CDs ,0.5833333333333334,2.5416666666666665,11.289999959999998,24,3
South Asia,Camping & Hiking,0.5807050092764379,2.9517625231910944,299.980011,539,2
South Asia,Cardio Equipment,0.5553191489361702,2.9106382978723406,291.77955263531913,470,2
South Asia,Children's Clothing,0.6190476190476191,3.0952380952380953,357.1000061,21,1
South Asia,Cleats,0.5513227513227513,2.9460317460317462,180.9222272838942,945,2
South Asia,Computers,0.5714285714285714,2.7142857142857144,1500.0,14,0
South Asia,Consumer Electronics,0.46875,3.09375,252.8800049,32,1
South Asia,Crafts,0.578125,2.734375,461.480011,64,3
South Asia,DVDs,0.5217391304347826,2.869565217391304,164.3800049,46,1
South Asia,Electronics,0.6050955414012739,3.0764331210191083,122.89172006222931,157,2
South Asia,Fishing,0.5406626506024096,2.9322289156626504,399.980011,664,2
South Asia,Fitness Accessories,0.5333333333333333,2.6,83.97600249333333,15,3
South Asia,Garden,0.5813953488372093,2.9302325581395348,532.5800171,86,2
South Asia,Girls' Apparel,0.42857142857142855,3.125,146.6012506460714,56,1
South Asia,Golf Apparel,0.5,2.7857142857142856,54.25857107785714,14,1
South Asia,Golf Balls,0.5974025974025974,2.779220779220779,51.67337613155844,77,3
South Asia,Golf Gloves,0.5660377358490566,2.9056603773584904,70.91547176877359,53,3
South Asia,Golf Shoes,0.7368421052631579,2.6315789473684212,229.21052631578948,19,3
South Asia,Health and Beauty,0.5287356321839081,2.8850574712643677,293.0400085,87,2
South Asia,Hockey,0.7692307692307693,2.5384615384615383,80.76923076923077,26,3
South Asia,Hunting & Shooting,0.5333333333333333,2.933333333333333,89.969999428,15,1
South Asia,Indoor/Outdoor Games,0.5292479108635098,2.8788300835654597,145.4153469565738,718,2
South Asia,Men's Clothing,0.6,3.022222222222222,210.8500061,45,1
South Asia,Men's Footwear,0.5497142857142857,2.9474285714285715,129.9900055,875,2
South Asia,Music,0.5729166666666666,3.03125,260.6499939,96,2
South Asia,Pet Supplies,0.618421052631579,2.5921052631578947,84.40000153,76,3
South Asia,Shop By Sport,0.5825892857142857,2.8482142857142856,118.74314926535715,448,2
South Asia,Sporting Goods,0.5569620253164557,2.9746835443037973,327.75,79,2
South Asia,Tennis & Racquet,0.23076923076923078,2.923076923076923,131.50923154923078,13,1
South Asia,Toys,0.55,3.0,11.53999996,80,1
South Asia,Trade-In,0.5121951219512195,2.902439024390244,53.58073103829268,41,1
South Asia,Video Games,0.5515463917525774,2.943298969072165,39.75,194,2
South Asia,Water Sports,0.6095890410958904,2.787671232876712,199.9900055,584,2
South Asia,Women's Apparel,0.5846560846560847,2.876984126984127,151.25661375661375,756,2
South Asia,Women's Clothing,0.5531914893617021,2.99290780141844,215.8200073,141,2
South of  USA ,Accessories,0.5777777777777777,2.911111111111111,74.41466580222223,45,3
South of  USA ,Baseball & Softball,0.4444444444444444,3.0555555555555554,128.8600027211111,18,1
South of  USA ,Camping & Hiking,0.5368098159509203,2.8435582822085887,299.980011,326,2
South of  USA ,Cardio Equipment,0.6164383561643836,2.904109589041096,281.5816433483562,292,2
South of  USA ,Cleats,0.5819112627986348,2.868600682593857,177.20596045259387,586,2
South of  USA ,Electronics,0.6041666666666666,2.9479166666666665,110.9817719209375,96,3
South of  USA ,Fishing,0.5416666666666666,3.0052083333333335,399.98001099999993,384,2
South of  USA ,Girls' Apparel,0.5882352941176471,2.8529411764705883,137.6379418047059,34,3
South of  USA ,Golf Balls,0.5277777777777778,2.861111111111111,50.80388821305556,36,1
South of  USA ,Golf Gloves,0.5,2.8181818181818183,106.78227414318181,22,1
South of  USA ,Golf Shoes,0.5454545454545454,3.3636363636363638,189.0909090909091,11,1
South of  USA ,Hockey,0.5909090909090909,3.3181818181818183,68.31818181818181,22,1
South of  USA ,Indoor/Outdoor Games,0.5695364238410596,2.8388520971302427,144.09244921730684,453,2
South of  USA ,Men's Footwear,0.5314814814814814,2.9296296296296296,129.9900055,540,2
South of  USA ,Shop By Sport,0.5219123505976095,2.9681274900398407,117.22255199282868,251,2
South of  USA ,Trade-In,0.631578947368421,2.8947368421052633,54.17841981263158,19,3
South of  USA ,Water Sports,0.5441988950276243,2.9806629834254146,199.9900055,362,2
South of  USA ,Women's Apparel,0.5641025641025641,2.8895463510848125,150.9861932938856,507,2
Southeast Asia,Accessories,0.6074766355140186,2.869158878504673,71.70027970682243,107,3
Southeast Asia,Baby ,0.5789473684210527,2.6315789473684212,59.08000182999999,38,3
Southeast Asia,Baseball & Softball,0.5,3.142857142857143,137.29393223357144,28,1
Southeast Asia,Books ,0.6176470588235294,3.176470588235294,31.07999992,34,1
Southeast Asia,Boxing & MMA,0.4666666666666667,3.4,113.60466918266665,15,1
Southeast Asia,CDs ,0.4838709677419355,3.161290322580645,11.28999996,31,1
Southeast Asia,Cameras ,0.75,2.4166666666666665,452.04000849999994,12,3
Southeast Asia,Camping & Hiking,0.5669934640522876,3.065359477124183,299.980011,612,2
Southeast Asia,Cardio Equipment,0.5641509433962264,2.9113207547169813,301.0078864875472,530,2
Southeast Asia,Children's Clothing,0.5074626865671642,3.0597014925373136,357.1000061,67,1
Southeast Asia,Cleats,0.5504828797190519,2.8849868305531166,179.0746318429851,1139,2
Southeast Asia,Computers,0.5714285714285714,3.3142857142857145,1500.0,35,0
Southeast Asia,Consumer Electronics,0.5263157894736842,2.9473684210526314,252.88000490000002,57,1
Southeast Asia,Crafts,0.625,2.9166666666666665,461.48001099999993,72,2
Southeast Asia,DVDs,0.47368421052631576,3.4342105263157894,164.3800049,76,1
Southeast Asia,Electronics,0.5728155339805825,2.8009708737864076,110.11757369538834,206,2
Southeast Asia,Fishing,0.5415162454873647,2.9759326113116726,399.980011,831,2
Southeast Asia,Fitness Accessories,0.625,3.125,80.914376965,16,1
Southeast Asia,Garden,0.5158730158730159,2.992063492063492,532.5800171,126,2
Southeast Asia,Girls' Apparel,0.5492957746478874,3.056338028169014,121.40366223605633,71,1
Southeast Asia,Golf Apparel,0.6666666666666666,3.3333333333333335,65.300665918,15,1
Southeast Asia,Golf Balls,0.5072463768115942,2.9565217391304346,52.607245596086955,69,1
Southeast Asia,Golf Gloves,0.38235294117647056,3.2941176470588234,80.85176506267646,34,1
Southeast Asia,Golf Shoes,0.6363636363636364,2.4545454545454546,177.27272727272728,11,3
Southeast Asia,Health and Beauty,0.6206896551724138,2.9655172413793105,293.0400085,116,2
Southeast Asia,Hockey,0.7073170731707317,2.5609756097560976,57.68292682926829,41,3
Southeast Asia,Hunting & Shooting,0.6666666666666666,2.933333333333333,73.97533301666667,15,3
Southeast Asia,Indoor/Outdoor Games,0.5241228070175439,2.942982456140351,150.54282751107456,912,2
Southeast Asia,Lacrosse,0.7272727272727273,2.4545454545454546,70.42636298090909,11,3
Southeast Asia,Men's Clothing,0.5925925925925926,2.5555555555555554,210.8500061,54,3
Southeast Asia,Men's Footwear,0.5681098204857444,2.9408658922914466,129.9900055,947,2
Southeast Asia,Music,0.5765765765765766,2.981981981981982,260.6499939,111,2
Southeast Asia,Pet Supplies,0.5531914893617021,2.6382978723404253,84.40000153,141,3
Southeast Asia,Shop By Sport,0.5708418891170431,2.8562628336755647,115.00275349256674,487,2
Southeast Asia,Sporting Goods,0.5555555555555556,2.935185185185185,327.75,108,2
Southeast Asia,Tennis & Racquet,0.6666666666666666,3.1666666666666665,139.96889049,18,3
Southeast Asia,Toys,0.5125628140703518,3.135678391959799,11.539999960000001,199,1
Southeast Asia,Trade-In,0.5625,3.1458333333333335,52.387499169791674,48,1
Southeast Asia,Video Games,0.5258964143426295,3.1274900398406373,39.75,251,2
Southeast Asia,Water Sports,0.5381231671554252,2.9281524926686218,199.9900055,682,2
Southeast Asia,Women's Apparel,0.5671957671957671,2.8814814814814813,149.73544973544975,945,2
Southeast Asia,Women's Clothing,0.6153846153846154,2.81447963800905,215.8200073,221,2
Southern Africa,Accessories,0.5,3.25,92.15062378125,16,1
Southern Africa,Camping & Hiking,0.6043956043956044,2.78021978021978,299.980011,91,3
Southern Africa,Cardio Equipment,0.5111111111111111,2.977777777777778,292.9709998168889,90,1
Southern Africa,Cleats,0.5460526315789473,3.026315789473684,169.31388622026316,152,2
Southern Africa,Electronics,0.5769230769230769,3.076923076923077,126.08423084923076,26,1
Southern Africa,Fishing,0.552,3.0,399.980011,125,2
Southern Africa,Girls' Apparel,0.75,2.3333333333333335,163.74416668833334,12,3
Southern Africa,Golf Balls,0.2,3.4,49.969999693,10,1
Southern Africa,Indoor/Outdoor Games,0.5234375,3.0859375,147.20671766421876,128,1
Southern Africa,Men's Footwear,0.47770700636942676,3.0254777070063694,129.9900055,157,1
Southern Africa,Shop By Sport,0.4657534246575342,2.8904109589041096,112.30150937506849,73,1
Southern Africa,Trade-In,0.45454545454545453,2.5454545454545454,53.06181803454546,11,3
Southern Africa,Water Sports,0.5473684210526316,2.905263157894737,199.99000549999997,95,2
Southern Africa,Women's Apparel,0.5673758865248227,2.773049645390071,148.58156028368793,141,2
Southern Europe,Accessories,0.5,2.8714285714285714,81.03899916200001,70,1
Southern Europe,As Seen on  TV!,0.6,2.9,269.97299651,10,3
Southern Europe,Baby ,0.35714285714285715,2.892857142857143,59.08000183,28,1
Southern Europe,Baseball & Softball,0.5,2.7666666666666666,138.813671246,30,1
Southern Europe,Basketball,0.4166666666666667,3.5,299.9899902,12,1
Southern Europe,Books ,0.5909090909090909,2.909090909090909,31.07999992,44,3
Southern Europe,Boxing & MMA,0.4838709677419355,2.5161290322580645,220.91516235870967,31,3
Southern Europe,CDs ,0.5588235294117647,3.0588235294117645,11.28999996,34,1
Southern Europe,Cameras ,0.559322033898305,2.711864406779661,452.0400085,118,2
Southern Europe,Camping & Hiking,0.5460992907801419,2.8638297872340424,299.980011,705,2
Southern Europe,Cardio Equipment,0.5405405405405406,2.861685214626391,293.59559567984104,629,2
Southern Europe,Children's Clothing,0.4380952380952381,3.257142857142857,357.1000061,105,1
Southern Europe,Cleats,0.5371702637889688,2.9128697042366105,177.23690330393285,1251,2
Southern Europe,Computers,0.4657534246575342,3.1232876712328768,1500.0,73,0
Southern Europe,Consumer Electronics,0.5945945945945946,2.72972972972973,252.8800049,74,3
Southern Europe,Crafts,0.4444444444444444,3.2888888888888888,461.480011,45,1
Southern Europe,DVDs,0.717948717948718,2.9743589743589745,164.3800049,39,3
Southern Europe,Electronics,0.5686274509803921,2.843137254901961,125.54558887078431,102,3
Southern Europe,Fishing,0.544456641053787,2.8814489571899013,399.98001099999993,911,2
Southern Europe,Girls' Apparel,0.5128205128205128,3.051282051282051,126.01435939384616,39,1
Southern Europe,Golf Apparel,0.5555555555555556,2.6296296296296298,84.42703700407408,27,3
Southern Europe,Golf Bags & Carts,0.6,3.0,169.9900055,10,3
Southern Europe,Golf Balls,0.5303030303030303,3.0303030303030303,57.16454474015151,66,1
Southern Europe,Golf Gloves,0.5882352941176471,3.0392156862745097,177.2296077049216,51,1
Southern Europe,Golf Shoes,0.6176470588235294,2.8529411764705883,244.1764705882353,34,3
Southern Europe,Hockey,0.4444444444444444,3.5185185185185186,93.55444335555556,27,1
Southern Europe,Hunting & Shooting,0.7037037037037037,2.814814814814815,153.9814818314815,27,3
Southern Europe,Indoor/Outdoor Games,0.5649948822927329,2.9334698055271238,152.3443589513613,977,2
Southern Europe,Kids' Golf Clubs,0.5882352941176471,3.2549019607843137,257.6509780747059,51,1
Southern Europe,Lacrosse,0.3,3.05,212.464500236,20,1
Southern Europe,Men's Footwear,0.5533731853116994,2.927412467976089,129.9900055,1171,2
Southern Europe,Men's Golf Clubs,0.35135135135135137,3.1621621621621623,172.1467588372973,37,1
Southern Europe,Shop By Sport,0.5701275045537341,2.8451730418943533,120.07991106255008,549,2
Southern Europe,Soccer,0.5294117647058824,3.2941176470588234,201.44705784235293,17,1
Southern Europe,Strength Training,0.4166666666666667,3.4166666666666665,712.0774942333334,12,1
Southern Europe,Tennis & Racquet,0.7857142857142857,2.4285714285714284,112.47500200714286,14,3
Southern Europe,Trade-In,0.4411764705882353,3.3823529411764706,104.85794224382353,34,1
Southern Europe,Water Sports,0.5410628019323671,2.8707729468599035,201.62044011630434,828,2
Southern Europe,Women's Apparel,0.52994555353902,3.0027223230490017,147.005444646098,1102,2
Southern Europe,Women's Golf Clubs,0.5,3.35,245.97699928900002,20,1
US Center ,Accessories,0.5340909090909091,3.0113636363636362,67.01863595931819,88,1
US Center ,Baseball & Softball,0.52,2.76,176.5644045888,25,3
US Center ,Camping & Hiking,0.5548387096774193,2.89247311827957,299.980011,465,2
US Center ,Cardio Equipment,0.5664893617021277,2.8058510638297873,298.66707446430854,376,2
US Center ,Cleats,0.5594817432273262,2.832744405182568,184.209581261437,849,2
US Center ,Electronics,0.5245901639344263,2.819672131147541,111.4309844735246,122,2
US Center ,Fishing,0.5361344537815126,2.9058823529411764,399.980011,595,2
US Center ,Fitness Accessories,0.8571428571428571,3.0,104.97000311571428,14,3
US Center ,Girls' Apparel,0.5510204081632653,2.795918367346939,125.70469462612245,49,3
US Center ,Golf Apparel,0.5,3.0,59.969999470833336,12,1
US Center ,Golf Balls,0.43478260869565216,2.63768115942029,53.476230951884055,69,1
US Center ,Golf Gloves,0.4857142857142857,2.8857142857142857,76.82571481122858,35,1
US Center ,Golf Shoes,0.7142857142857143,1.9285714285714286,181.07142857142858,14,3
US Center ,Hockey,0.41935483870967744,3.2903225806451615,59.74193548387097,31,1
US Center ,Indoor/Outdoor Games,0.5184615384615384,2.9261538461538463,152.55433707910768,650,2
US Center ,Lacrosse,0.46153846153846156,2.923076923076923,80.73692217153847,13,1
US Center ,Men's Footwear,0.5465994962216625,2.920654911838791,129.9900055,794,2
US Center ,Shop By Sport,0.584958217270195,2.83008356545961,115.12512763593315,359,2
US Center ,Tennis & Racquet,0.5294117647058824,2.8823529411764706,145.5558835,17,1
US Center ,Trade-In,0.5428571428571428,3.0,60.36599883228572,35,1
US Center ,Water Sports,0.5717213114754098,2.8995901639344264,199.9900055,488,2
US Center ,Women's Apparel,0.5714285714285714,2.824675324675325,147.14285714285714,770,2
West Africa,Accessories,0.5227272727272727,3.2045454545454546,73.26613572727273,44,1
West Africa,Baseball & Softball,0.5,2.9166666666666665,160.79750345333335,12,1
West Africa,Camping & Hiking,0.5172413793103449,2.986206896551724,299.980011,290,2
West Africa,Cardio Equipment,0.5283018867924528,2.913207547169811,293.48026396309433,265,2
West Africa,Cleats,0.5236220472440944,3.0826771653543306,183.86699350751968,508,2
West Africa,Electronics,0.5277777777777778,3.0555555555555554,120.77555716791666,72,1
West Africa,Fishing,0.5493333333333333,2.970666666666667,399.980011,375,2
West Africa,Fitness Accessories,0.5833333333333334,2.4166666666666665,122.465000765,12,3
West Africa,Girls' Apparel,0.7407407407407407,2.5925925925925926,120.18333364444445,27,3
West Africa,Golf Apparel,0.5833333333333334,2.5833333333333335,63.30166594083334,12,3
West Africa,Golf Balls,0.5121951219512195,2.951219512195122,55.57829196121951,41,1
West Africa,Golf Gloves,0.5,2.9285714285714284,64.79250021439286,28,1
West Africa,Hockey,0.5333333333333333,3.6666666666666665,64.2,15,1
West Africa,Hunting & Shooting,0.6363636363636364,2.909090909090909,81.79090881818182,11,3
West Africa,Indoor/Outdoor Games,0.5364077669902912,3.0024271844660193,153.94325085805826,412,2
West Africa,Lacrosse,0.8,2.6,74.969999493,10,3
West Africa,Men's Footwear,0.5349344978165939,2.958515283842795,129.9900055,458,2
West Africa,Shop By Sport,0.47161572052401746,3.109170305676856,117.22035114200874,229,1
West Africa,Tennis & Racquet,0.2,2.5,134.970001968,10,1
West Africa,Trade-In,0.7241379310344828,2.7586206896551726,54.3134474862069,29,3
West Africa,Water Sports,0.49404761904761907,2.9910714285714284,199.9900055,336,2
West Africa,Women's Apparel,0.5413223140495868,2.896694214876033,147.00413223140495,484,2
West Asia,Accessories,0.573170731707317,2.9390243902439024,72.2271946842683,82,3
West Asia,Baseball & Softball,0.5263157894736842,2.6842105263157894,129.97000301894735,19,3
West Asia,Boxing & MMA,0.6428571428571429,2.2142857142857144,149.20428901571427,14,3
West Asia,Camping & Hiking,0.5407725321888412,2.851931330472103,299.980011,466,2
West Asia,Cardio Equipment,0.5714285714285714,2.978922716627635,287.1846601819204,427,2
West Asia,Cleats,0.5594002306805075,2.958477508650519,184.81348853049596,867,2
West Asia,Electronics,0.5847457627118644,2.9491525423728815,122.83339087330509,118,2
West Asia,Fishing,0.5682967959527825,2.833052276559865,399.980011,593,2
West Asia,Fitness Accessories,0.4375,3.25,109.34375213,16,1
West Asia,Girls' Apparel,0.4897959183673469,3.1020408163265305,112.33897998938775,49,1
West Asia,Golf Apparel,0.6666666666666666,2.5,58.304166474166664,12,3
West Asia,Golf Balls,0.5625,2.671875,48.472343264375,64,3
West Asia,Golf Gloves,0.6666666666666666,3.2051282051282053,69.45999975907692,39,1
West Asia,Golf Shoes,0.3076923076923077,3.3076923076923075,195.0,13,1
West Asia,Hockey,0.5,2.9,65.36666666666666,30,1
West Asia,Hunting & Shooting,0.625,3.0,80.598124135625,16,3
West Asia,Indoor/Outdoor Games,0.5545454545454546,2.9212121212121214,151.30308978548484,660,2
West Asia,Men's Footwear,0.5367372353673724,2.925280199252802,129.9900055,803,2
West Asia,Shop By Sport,0.5347593582887701,2.9518716577540105,113.76914639074866,374,2
West Asia,Tennis & Racquet,0.5555555555555556,2.7222222222222223,132.47055836555558,18,3
West Asia,Trade-In,0.4897959183673469,3.204081632653061,54.29632571755103,49,1
West Asia,Water Sports,0.5647279549718575,2.9136960600375232,199.9900055,533,2
West Asia,Women's Apparel,0.5433604336043361,2.8983739837398375,150.609756097561,738,2
West of USA ,Accessories,0.5263157894736842,2.9894736842105263,78.12663079031579,95,1
West of USA ,Baseball & Softball,0.4482758620689655,3.103448275862069,131.69759013793103,29,1
West of USA ,Boxing & MMA,0.7142857142857143,2.4285714285714284,164.91000366,14,3
West of USA ,Camping & Hiking,0.501628664495114,3.006514657980456,299.980011,614,2
West of USA ,Cardio Equipment,0.5187165775401069,3.037433155080214,297.59978597721926,561,2
West of USA ,Cleats,0.5485197368421053,3.0139802631578947,179.8713371882237,1216,2
West of USA ,Electronics,0.5780346820809249,2.739884393063584,115.43265979219653,173,2
West of USA ,Fishing,0.5319410319410319,2.901719901719902,399.980011,814,2
West of USA ,Fitness Accessories,0.3888888888888889,3.4444444444444446,99.13833489444444,18,1
West of USA ,Girls' Apparel,0.44594594594594594,2.8783783783783785,124.04608179702703,74,1
West of USA ,Golf Apparel,0.6666666666666666,3.066666666666667,74.62933197000001,15,3
West of USA ,Golf Balls,0.5522388059701493,3.08955223880597,50.50790977358209,67,1
West of USA ,Golf Gloves,0.47368421052631576,3.0,67.9542106065614,57,1
West of USA ,Golf Shoes,0.75,2.4375,170.625,16,3
West of USA ,Hockey,0.42857142857142855,2.75,71.96428571428571,28,1
West of USA ,Hunting & Shooting,0.75,2.25,94.96833228833333,12,3
West of USA ,Indoor/Outdoor Games,0.5454545454545454,2.925,143.74929414,880,2
West of USA ,Lacrosse,0.42857142857142855,3.4285714285714284,71.39999933428571,14,1
West of USA ,Men's Footwear,0.5477338476374156,2.914175506268081,129.9900055,1037,2
West of USA ,Shop By Sport,0.5423387096774194,2.939516129032258,121.54306642443548,496,2
West of USA ,Tennis & Racquet,0.8333333333333334,2.7222222222222223,164.96333565111112,18,3
West of USA ,Trade-In,0.5535714285714286,2.75,57.61071347678571,56,3
West of USA ,Water Sports,0.5433287482806052,2.9821182943603852,199.99000549999997,727,2
West of USA ,Women's Apparel,0.5509355509355509,2.897089397089397,148.7006237006237,962,2
Western Europe,Accessories,0.5860215053763441,3.0483870967741935,74.43257999451613,186,2
Western Europe,As Seen on  TV!,0.5238095238095238,2.9047619047619047,304.73142823809525,21,1
Western Europe,Baby ,0.4,3.1142857142857143,59.08000183,35,1
Western Europe,Baseball & Softball,0.5,2.8026315789473686,155.63382033289474,76,1
Western Europe,Basketball,0.5555555555555556,2.911111111111111,439.98999019999997,45,2
Western Europe,Books ,0.5613207547169812,2.9622641509433962,31.079999919999995,212,2
Western Europe,Boxing & MMA,0.5441176470588235,2.75,234.14367675764706,68,3
Western Europe,CDs ,0.5441176470588235,3.176470588235294,11.28999996,68,1
Western Europe,Cameras ,0.60625,2.646875,452.0400085,320,2
Western Europe,Camping & Hiking,0.5388888888888889,2.915656565656566,299.980011,1980,2
Western Europe,Cardio Equipment,0.5388655462184874,2.935924369747899,295.59037791684875,1904,2
Western Europe,Children's Clothing,0.5299684542586751,3.053627760252366,357.1000061,317,2
Western Europe,Cleats,0.5615176151761517,2.8710027100271,179.9539967514038,3690,2
Western Europe,Computers,0.5369458128078818,3.1921182266009853,1500.0,203,0
Western Europe,Consumer Electronics,0.6064516129032258,2.632258064516129,252.8800049,155,3
Western Europe,Crafts,0.584,2.896,461.480011,125,2
Western Europe,DVDs,0.5299145299145299,2.9572649572649574,164.3800049,117,2
Western Europe,Electronics,0.56656346749226,2.984520123839009,118.98829815922602,323,2
Western Europe,Fishing,0.5798158096699924,2.9056024558710667,399.980011,2606,2
Western Europe,Fitness Accessories,0.6756756756756757,2.7837837837837838,170.91891972648648,37,3
Western Europe,Girls' Apparel,0.5846153846153846,2.9153846153846152,123.8361544626154,130,2
Western Europe,Golf Apparel,0.5340909090909091,3.125,97.70772800670456,88,1
Western Europe,Golf Bags & Carts,0.5909090909090909,2.590909090909091,169.9900055,22,3
Western Europe,Golf Balls,0.5555555555555556,2.980392156862745,51.97679669130719,153,2
Western Europe,Golf Gloves,0.6493506493506493,2.8766233766233764,159.4247407088117,154,3
Western Europe,Golf Shoes,0.584070796460177,2.7079646017699117,209.13274336283186,113,3
Western Europe,Hockey,0.5476190476190477,2.9166666666666665,136.0928548095238,84,1
Western Europe,Hunting & Shooting,0.48,2.933333333333333,161.3048013296,75,1
Western Europe,Indoor/Outdoor Games,0.5547045951859956,2.9055433989788475,148.6093859827863,2742,2
Western Europe,Kids' Golf Clubs,0.5421686746987951,2.86144578313253,284.50993694921686,166,2
Western Europe,Lacrosse,0.5789473684210527,3.1315789473684212,158.52473579736844,38,1
Western Europe,Men's Footwear,0.5586057988895743,2.8871067242442936,129.9900055,3242,2
Western Europe,Men's Golf Clubs,0.4845360824742268,3.0618556701030926,173.38628994474226,97,1
Western Europe,Shop By Sport,0.5616113744075829,2.8714454976303316,120.08938580395736,1688,2
Western Europe,Soccer,0.64,2.58,181.28059755720002,50,3
Western Europe,Strength Training,0.6140350877192983,2.807017543859649,492.83701253333334,57,3
Western Europe,Tennis & Racquet,0.5714285714285714,3.142857142857143,138.18357288857143,28,1
Western Europe,Trade-In,0.6039603960396039,2.8613861386138613,106.50831768158416,101,3
Western Europe,Water Sports,0.5548961424332344,2.9097075031793134,201.51607571314116,2359,2
Western Europe,Women's Apparel,0.5592417061611374,2.9001579778830964,150.23696682464455,3165,2
Western Europe,Women's Golf Clubs,0.5072463768115942,2.927536231884058,265.77289925043476,69,1
