,Days for shipment (scheduled),Benefit per order,Sales per customer,Late_delivery_risk,Category Id,Department Id,Latitude,Longitude,Order Item Discount,Order Item Discount Rate,Order Item Product Price,Order Item Profit Ratio,Order Item Quantity,Sales,Order Profit Per Order,Product Category Id,Product Price,Product Status,Order Month,Order Weekday,Order Year,Order Hour
Days for shipment (scheduled),1.0,-0.0001850376008131785,0.006444952591647903,-0.3693517719633492,-0.000367118616469781,-0.00026249116766490437,-0.005300416174695324,0.003675391613500225,0.0028973596707034836,6.546551824383788e-05,0.006912339744809004,-0.0018215171419830216,-0.0029246173630037993,0.006326585131127257,-0.0001850376008131785,-0.000367118616469781,0.006912339744809004,,-0.007458257858750552,-0.0046016706867125804,0.0006562775155525411,-0.000867549419984083
Benefit per order,-0.0001850376008131785,1.0,0.1334841033506181,-0.003726996128801655,0.031888743928536176,0.031441528063404806,0.00033826375677737373,-0.002520708223453103,0.0647559159405851,-0.01864421762669802,0.10345881599671551,0.8236894583263351,0.015696218982199195,0.13181558933672993,1.0,0.031888743928536176,0.10345881599671551,,0.009064180389105628,0.0002277117864038311,0.010703016752742885,-0.00039744038391710236
Sales per customer,0.006444952591647903,0.1334841033506181,1.0,-0.0037912615226316096,0.22520121567215,0.2323670899413196,-0.00022263534727974045,0.0014436603108046284,0.49873392524719534,-0.11946887580862715,0.7817814277172019,-0.0014393668655940702,0.10541273634118616,0.9897438811790835,0.13348410335061814,0.22520121567215,0.7817814277172019,,0.05691675937005035,0.007686711138376229,0.05958102739512661,-0.0017887898482584342
Late_delivery_risk,-0.3693517719633492,-0.003726996128801655,-0.0037912615226316096,1.0,0.0017515112353313172,0.0010769864016502261,0.0006789443873108791,-0.00191487832875428,-0.0007499082512329895,0.0004042979798693395,-0.0021752490565455666,-0.002315501081257864,-0.0001392328012511827,-0.003564360506914054,-0.003726996128801656,0.0017515112353313172,-0.0021752490565455666,,0.0025868479723886533,0.0011208958452007592,-0.0021807932495811026,0.04704594414948797
Category Id,-0.000367118616469781,0.031888743928536176,0.22520121567215,0.0017515112353313172,1.0,0.8888349913020095,0.0021945245849129985,-0.002319861248197968,0.14018048719115297,0.000572292683079046,0.46105870878887356,-0.0016141084173117882,-0.30240808908861705,0.22748321587980355,0.031888743928536176,1.0,0.46105870878887356,,0.06245147092860659,-0.0023451926285008354,0.179644561998135,0.0013406245934866948
Department Id,-0.00026249116766490437,0.031441528063404806,0.2323670899413196,0.0010769864016502261,0.8888349913020095,1.0,0.0024601559497441825,-0.0024346442261975218,0.1446166606826067,0.0002552612235288839,0.44674307852921774,-0.0030439936355257926,-0.26543669288721644,0.23471798715282713,0.0314415280634048,0.8888349913020096,0.44674307852921774,,0.03743349342729119,-0.0020541304369227275,0.0954921893760822,-0.0003269618760688151
Latitude,-0.005300416174695324,0.00033826375677737373,-0.00022263534727974045,0.0006789443873108791,0.0021945245849129985,0.0024601559497441825,1.0,-0.5251223702475218,-0.0029973780704991714,-0.0038886780687727262,0.00047129643123306825,-8.087150256792717e-05,-0.001853242286137121,-0.0006960233909054184,0.0003382637567773718,0.0021945245849129902,0.00047129643123306825,,-0.004334822023581088,-0.007933267062302836,-0.0017586899675775046,0.00113119231276883
Longitude,0.003675391613500225,-0.002520708223453103,0.0014436603108046284,-0.00191487832875428,-0.002319861248197968,-0.0024346442261975218,-0.5251223702475218,1.0,0.0023428370115770093,0.000526396583323689,-0.0008941699331823532,-0.0035822526272196293,0.004466539059961223,0.0016963413763141887,-0.002520708223453108,-0.002319861248197978,-0.0008941699331823532,,0.002976039793714853,0.0030958763157864252,0.0018001746104020632,-0.005533973066540944
Order Item Discount,0.0028973596707034836,0.0647559159405851,0.49873392524719534,-0.0007499082512329895,0.14018048719115297,0.1446166606826067,-0.0029973780704991714,0.0023428370115770093,1.0,0.6599551210964643,0.48810116529596065,-0.0027883846461361768,0.06537934438726924,0.6174376349284985,0.0647559159405851,0.14018048719115295,0.48810116529596065,,0.0356739896333814,0.0035497913812234973,0.03714828150772031,-0.0024114972137456755
Order Item Discount Rate,6.546551824383788e-05,-0.01864421762669802,-0.11946887580862715,0.0004042979798693395,0.000572292683079046,0.0002552612235288839,-0.0038886780687727262,0.000526396583323689,0.6599551210964643,1.0,0.0003446317559007454,-0.0026908104237598676,-2.7970948722304938e-05,0.0003460020803686417,-0.01864421762669802,0.0005722926830790384,0.0003446317559007454,,0.0011073283705622487,0.0020271467665052114,7.758037468968894e-05,-0.0015670262512099845
Order Item Product Price,0.006912339744809004,0.10345881599671551,0.7817814277172019,-0.0021752490565455666,0.46105870878887356,0.44674307852921774,0.00047129643123306825,-0.0008941699331823532,0.48810116529596065,0.0003446317559007454,1.0,-0.0020434624316455104,-0.4762323105123504,0.7899482013113718,0.10345881599671548,0.46105870878887356,1.0,,0.07034834315031176,0.0058433575252140445,0.09184262138268823,-0.0006116645484319593
Order Item Profit Ratio,-0.0018215171419830216,0.8236894583263351,-0.0014393668655940702,-0.002315501081257864,-0.0016141084173117882,-0.0030439936355257926,-8.087150256792717e-05,-0.0035822526272196293,-0.0027883846461361768,-0.0026908104237598676,-0.0020434624316455104,1.0,0.0011277464737170055,-0.001765865576095388,0.8236894583263351,-0.0016141084173117899,-0.00204346243164551,,0.001926542338601463,-0.0022803334293130155,0.002184485363016298,0.0013131165467446906
Order Item Quantity,-0.0029246173630037993,0.015696218982199195,0.10541273634118616,-0.0001392328012511827,-0.30240808908861705,-0.26543669288721644,-0.001853242286137121,0.004466539059961223,0.06537934438726924,-2.7970948722304938e-05,-0.4762323105123504,0.0011277464737170055,1.0,0.10644204034079764,0.015696218982199184,-0.3024080890886171,-0.4762323105123505,,-0.029234842181958445,0.0022286353130546005,-0.07825204555878613,-0.0021248808741516456
Sales,0.006326585131127257,0.13181558933672993,0.9897438811790835,-0.003564360506914054,0.22748321587980355,0.23471798715282713,-0.0006960233909054184,0.0016963413763141887,0.6174376349284985,0.0003460020803686417,0.7899482013113718,-0.001765865576095388,0.10644204034079764,1.0,0.13181558933672993,0.22748321587980355,0.7899482013113718,,0.05753418467391882,0.007561062534843754,0.06019491682164038,-0.0020208260042825863
Order Profit Per Order,-0.0001850376008131785,1.0,0.13348410335061814,-0.003726996128801656,0.031888743928536176,0.0314415280634048,0.0003382637567773718,-0.002520708223453108,0.0647559159405851,-0.01864421762669802,0.10345881599671548,0.8236894583263351,0.015696218982199184,0.13181558933672993,1.0,0.031888743928536176,0.10345881599671551,,0.009064180389105628,0.0002277117864038311,0.010703016752742885,-0.00039744038391710236
Product Category Id,-0.000367118616469781,0.031888743928536176,0.22520121567215,0.0017515112353313172,1.0,0.8888349913020096,0.0021945245849129902,-0.002319861248197978,0.14018048719115295,0.0005722926830790384,0.46105870878887356,-0.0016141084173117899,-0.3024080890886171,0.22748321587980355,0.031888743928536176,1.0,0.46105870878887356,,0.06245147092860659,-0.0023451926285008354,0.179644561998135,0.0013406245934866948
Product Price,0.006912339744809004,0.10345881599671551,0.7817814277172019,-0.0021752490565455666,0.46105870878887356,0.44674307852921774,0.00047129643123306825,-0.0008941699331823532,0.48810116529596065,0.0003446317559007454,1.0,-0.00204346243164551,-0.4762323105123505,0.7899482013113718,0.10345881599671551,0.46105870878887356,1.0,,0.07034834315031176,0.0058433575252140445,0.09184262138268823,-0.0006116645484319593
Product Status,,,,,,,,,,,,,,,,,,,,,,
Order Month,-0.007458257858750552,0.009064180389105628,0.05691675937005035,0.0025868479723886533,0.06245147092860659,0.03743349342729119,-0.004334822023581088,0.002976039793714853,0.0356739896333814,0.0011073283705622487,0.07034834315031176,0.001926542338601463,-0.029234842181958445,0.05753418467391882,0.009064180389105628,0.06245147092860659,0.07034834315031176,,1.0,0.0019060883566663523,-0.13267857470988184,0.0012494970713853837
Order Weekday,-0.0046016706867125804,0.0002277117864038311,0.007686711138376229,0.0011208958452007592,-0.0023451926285008354,-0.0020541304369227275,-0.007933267062302836,0.0030958763157864252,0.0035497913812234973,0.0020271467665052114,0.0058433575252140445,-0.0022803334293130155,0.0022286353130546005,0.007561062534843754,0.0002277117864038311,-0.0023451926285008354,0.0058433575252140445,,0.0019060883566663523,1.0,-0.002463605278110814,0.002356482827394563
Order Year,0.0006562775155525411,0.010703016752742885,0.05958102739512661,-0.0021807932495811026,0.179644561998135,0.0954921893760822,-0.0017586899675775046,0.0018001746104020632,0.03714828150772031,7.758037468968894e-05,0.09184262138268823,0.002184485363016298,-0.07825204555878613,0.06019491682164038,0.010703016752742885,0.179644561998135,0.09184262138268823,,-0.13267857470988184,-0.002463605278110814,1.0,-0.0028545864918363304
Order Hour,-0.000867549419984083,-0.00039744038391710236,-0.0017887898482584342,0.04704594414948797,0.0013406245934866948,-0.0003269618760688151,0.00113119231276883,-0.005533973066540944,-0.0024114972137456755,-0.0015670262512099845,-0.0006116645484319593,0.0013131165467446906,-0.0021248808741516456,-0.0020208260042825863,-0.00039744038391710236,0.0013406245934866948,-0.0006116645484319593,,0.0012494970713853837,0.002356482827394563,-0.0028545864918363304,1.0
